{"cameraMode":{"drawMode":0,"name":"Shaded","section":"Shading Mode"},"sceneLighting":true,"audioPlay":false,"sceneViewState":{"showFog":true,"showMaterialUpdate":false,"showSkybox":true,"showFlares":true,"showImageEffects":true,"showParticleSystems":true},"in2DMode":false,"pivot":{"x":0.24566435813903809,"y":1.556734323501587,"z":-0.6922323703765869},"rotation":{"x":-0.010826950892806054,"y":0.9176937937736511,"z":-0.025068121030926706,"w":-0.3963507115840912},"size":1.6775062084197999,"orthographic":false}